{
  "freqs": [
    1.953125,
    2.9296875,
    3.90625,
    4.8828125,
    5.859375,
    6.8359375,
    7.8125,
    8.7890625,
    9.765625,
    10.7421875,
    11.71875,
    12.6953125,
    13.671875,
    14.6484375,
    15.625,
    16.6015625,
    17.578125,
    18.5546875,
    19.53125,
    20.5078125,
    21.484375,
    22.4609375,
    23.4375,
    24.4140625,
    25.390625,
    26.3671875,
    27.34375,
    28.3203125,
    29.296875,
    30.2734375,
    31.25,
    32.2265625,
    33.203125,
    34.1796875,
    35.15625,
    36.1328125,
    37.109375,
    38.0859375,
    39.0625
  ],
  "channels": {
    "E73": {
      "original_psd": [
        3.6824638755000215e-08,
        1.3094372235308427e-08,
        7.842006425458459e-09,
        4.709656089604201e-09,
        2.951063090710004e-09,
        2.484309467428782e-09,
        1.8555752900005691e-09,
        1.1841159323065459e-09,
        1.2154934561164613e-09,
        9.606200293394397e-10,
        6.971494641413437e-10,
        7.798046912744264e-10,
        5.795477645604569e-10,
        4.879360073560705e-10,
        4.782572875013017e-10,
        3.611246410611078e-10,
        3.3827631225406055e-10,
        3.5092593627738745e-10,
        2.75561213045555e-10,
        2.47692289406558e-10,
        2.777800363838441e-10,
        1.9429238861944389e-10,
        1.853214709550916e-10,
        2.1440976197534962e-10,
        1.4467819985491837e-10,
        1.6226112273674354e-10,
        1.6721684758445699e-10,
        1.1529243369429577e-10,
        1.3026995568715513e-10,
        1.3062899836610936e-10,
        9.882221130902715e-11,
        1.0565637228615977e-10,
        1.1422523454499224e-10,
        7.886939215866714e-11,
        8.94158858311708e-11,
        9.450127113326022e-11,
        6.515274373444686e-11,
        7.822738083473874e-11,
        7.423551021413013e-11
      ],
      "aperiodic_params": [
        -6.882865148502068,
        2.0809720490338712
      ],
      "peak_params": [
        [
          21.35498092586992,
          0.11360652356942502,
          1.0000000000000002
        ],
        [
          24.282366007300908,
          0.11261696338945093,
          1.0000000000000002
        ],
        [
          26.98504964233774,
          0.11003448093479307,
          1.0000000000000002
        ],
        [
          32.88356542044208,
          0.11837647024258047,
          1.0000000000000002
        ],
        [
          35.77827586872782,
          0.1117771187286909,
          1.0000000000000002
        ]
      ],
      "fooof_model": [
        -7.487866233525891,
        -7.854307221699946,
        -8.114301240423423,
        -8.315968268764697,
        -8.480742228597478,
        -8.620056626591335,
        -8.740736247320955,
        -8.847183216771533,
        -8.94240327566223,
        -9.028540296510956,
        -9.10717723549501,
        -9.179516206985976,
        -9.246491633488867,
        -9.308844263836285,
        -9.367171254218487,
        -9.421961039780422,
        -9.473618223669018,
        -9.522481709666602,
        -9.568686569234869,
        -9.584970865170218,
        -9.541368779839063,
        -9.684820540332908,
        -9.705623597513073,
        -9.657888347511586,
        -9.795073653340879,
        -9.77371123555383,
        -9.762892159451606,
        -9.90061660319143,
        -9.935276026730122,
        -9.964913050862313,
        -9.992907864035299,
        -9.96017639779652,
        -9.930019576435374,
        -10.068682772734897,
        -10.033756642580169,
        -10.013038062929812,
        -10.14476199605418,
        -10.172388797720615,
        -10.195273289395802
      ]
    },
    "E74": {
      "original_psd": [
        4.240605580474959e-08,
        1.5290795265373115e-08,
        9.115150200751162e-09,
        5.558944815321381e-09,
        3.3182336766655385e-09,
        2.7867743978367867e-09,
        2.184612488443258e-09,
        1.5411645583283996e-09,
        1.443058571610753e-09,
        1.156793885946858e-09,
        8.340831302960165e-10,
        8.331115663427716e-10,
        6.354172637763835e-10,
        5.631996135314504e-10,
        5.564802737457358e-10,
        4.389903861602972e-10,
        4.1588747284382533e-10,
        3.747693564192297e-10,
        3.0841459766556824e-10,
        2.909123407629437e-10,
        2.9538213476031776e-10,
        2.238867902309046e-10,
        2.2874987148532395e-10,
        2.434069620209107e-10,
        1.6008419898802385e-10,
        1.8262569646883963e-10,
        1.860430367690833e-10,
        1.339552465825034e-10,
        1.5296503175191857e-10,
        1.531738078828467e-10,
        1.1296750900884285e-10,
        1.1686632273109936e-10,
        1.292978687353547e-10,
        9.618863671696612e-11,
        1.031198824090476e-10,
        1.1094636854283679e-10,
        8.125942369985369e-11,
        9.169677688266461e-11,
        8.7873531863361e-11
      ],
      "aperiodic_params": [
        -6.8136125204332245,
        2.0838096645885416
      ],
      "peak_params": [
        [
          24.12559796162699,
          0.09984809709439091,
          1.0000000000000002
        ],
        [
          27.0026250236811,
          0.08752280208114094,
          1.0000000000000002
        ],
        [
          29.880897009878215,
          0.09560148262629653,
          1.0000000000000002
        ],
        [
          32.992849844842894,
          0.10462675512423836,
          1.000000000000553
        ],
        [
          35.81747280701865,
          0.11439800602993877,
          1.0000000000000047
        ]
      ],
      "fooof_model": [
        -7.419438585537993,
        -7.7863792530077856,
        -8.046727799833644,
        -8.248669821535232,
        -8.413668467303436,
        -8.553172834548883,
        -8.674017014129294,
        -8.78060913477323,
        -8.875959035830883,
        -8.962213513206862,
        -9.040957681599087,
        -9.113395294583487,
        -9.180462048844534,
        -9.242899703300676,
        -9.301306228424945,
        -9.356170725392936,
        -9.40789834906888,
        -9.456828483535245,
        -9.503248250126534,
        -9.547402716313822,
        -9.58950262463262,
        -9.629268962567254,
        -9.622500441079985,
        -9.605342174733732,
        -9.735269213910968,
        -9.72557618899613,
        -9.720228461059044,
        -9.835082760714236,
        -9.804413541973911,
        -9.80426179962504,
        -9.925269351332023,
        -9.921121687711926,
        -9.878833184564348,
        -10.002207943584969,
        -9.976963447791826,
        -9.94558527384762,
        -10.079161993328693,
        -10.107620443851587,
        -10.130537464322558
      ]
    },