{"freqs": [1.953125, 2.9296875, 3.90625, 4.8828125, 5.859375, 6.8359375, 7.8125, 8.7890625, 9.765625, 10.7421875, 11.71875, 12.6953125, 13.671875, 14.6484375, 15.625, 16.6015625, 17.578125, 18.5546875, 19.53125, 20.5078125, 21.484375, 22.4609375, 23.4375, 24.4140625, 25.390625, 26.3671875, 27.34375, 28.3203125, 29.296875, 30.2734375, 31.25, 32.2265625, 33.203125, 34.1796875, 35.15625, 36.1328125, 37.109375, 38.0859375, 39.0625], "channels": ["E73", "E74", "E81", "E82", "E88"], "psd": [[3.6824638755000215e-08, 1.3094372235308427e-08, 7.842006425458459e-09, 4.709656089604201e-09, 2.951063090710004e-09, 2.484309467428782e-09, 1.8555752900005691e-09, 1.1841159323065459e-09, 1.2154934561164613e-09, 9.606200293394397e-10, 6.971494641413437e-10, 7.798046912744264e-10, 5.795477645604569e-10, 4.879360073560705e-10, 4.782572875013017e-10, 3.611246410611078e-10, 3.3827631225406055e-10, 3.5092593627738745e-10, 2.75561213045555e-10, 2.47692289406558e-10, 2.777800363838441e-10, 1.9429238861944389e-10, 1.853214709550916e-10, 2.1440976197534962e-10, 1.4467819985491837e-10, 1.6226112273674354e-10, 1.6721684758445699e-10, 1.1529243369429577e-10, 1.3026995568715513e-10, 1.3062899836610936e-10, 9.882221130902715e-11, 1.0565637228615977e-10, 1.1422523454499224e-10, 7.886939215866714e-11, 8.94158858311708e-11, 9.450127113326022e-11, 6.515274373444686e-11, 7.822738083473874e-11, 7.423551021413013e-11], [4.240605580474959e-08, 1.5290795265373115e-08, 9.115150200751162e-09, 5.558944815321381e-09, 3.3182336766655385e-09, 2.7867743978367867e-09, 2.184612488443258e-09, 1.5411645583283996e-09, 1.443058571610753e-09, 1.156793885946858e-09, 8.340831302960165e-10, 8.331115663427716e-10, 6.354172637763835e-10, 5.631996135314504e-10, 5.564802737457358e-10, 4.389903861602972e-10, 4.1588747284382533e-10, 3.747693564192297e-10, 3.0841459766556824e-10, 2.909123407629437e-10, 2.9538213476031776e-10, 2.238867902309046e-10, 2.2874987148532395e-10, 2.434069620209107e-10, 1.6008419898802385e-10, 1.8262569646883963e-10, 1.860430367690833e-10, 1.339552465825034e-10, 1.5296503175191857e-10, 1.531738078828467e-10, 1.1296750900884285e-10, 1.1686632273109936e-10, 1.292978687353547e-10, 9.618863671696612e-11, 1.031198824090476e-10, 1.1094636854283679e-10, 8.125942369985369e-11, 9.169677688266461e-11, 8.7873531863361e-11], [3.792312194653564e-08, 1.3488912215121822e-08, 8.091598968820161e-09, 4.836702637951334e-09, 3.0315740924486522e-09, 2.5791927610294593e-09, 1.9178671160035762e-09, 1.218223632296483e-09, 1.2598742818544512e-09, 9.824118805645088e-10, 7.071830493866801e-10, 8.041385660034062e-10, 5.956913649730614e-10, 5.011107933871039e-10, 4.992737552748888e-10, 3.7381852091634963e-10, 3.4752964643584085e-10, 3.6624162868407713e-10, 2.852715079056409e-10, 2.5587050731142097e-10, 2.899182408904229e-10, 2.0201304920017704e-10, 1.926449630203858e-10, 2.2081944946149208e-10, 1.5020382912742827e-10, 1.688098843938561e-10, 1.7345413414817416e-10, 1.1930262223517962e-10, 1.3451108165260487e-10, 1.3645453628035654e-10, 1.034370693205986e-10, 1.1111272192857086e-10, 1.1991970439191018e-10, 8.091819604804979e-11, 9.217311085649332e-11, 9.621295126820233e-11, 6.715952972470922e-11, 8.260873350990879e-11, 7.823052423760223e-11], [3.823874455193163e-08, 1.3635355116354686e-08, 8.170696199024984e-09, 4.89790127162968e-09, 3.0722636035629248e-09, 2.601278294294836e-09, 1.961018464336287e-09, 1.2238590888518913e-09, 1.2604691717357187e-09, 9.980027547186046e-10, 7.022257459667117e-10, 7.958736229729676e-10, 5.966550339906477e-10, 5.051351296920043e-10, 5.038689966099795e-10, 3.8161335032698535e-10, 3.569740284261403e-10, 3.6664106780720385e-10, 2.8089223332103385e-10, 2.5573124847775316e-10, 2.909721402874069e-10, 2.0606566586392865e-10, 2.0356607506090892e-10, 2.2689042672308017e-10, 1.5031134511092967e-10, 1.694463830050799e-10, 1.7460129365379824e-10, 1.2110752007023304e-10, 1.366291373720687e-10, 1.392747426410959e-10, 1.0318803742948363e-10, 1.1130269184010291e-10, 1.202432768653986e-10, 8.08348991097961e-11, 9.144563166635059e-11, 9.845778271915667e-11, 6.865876702165254e-11, 8.119280432089233e-11, 7.660987552649297e-11], [1.9720313641402598e-08, 7.119417519655594e-09, 4.105993022055696e-09, 2.6618244843913244e-09, 1.5754454998456921e-09, 1.2322822900228462e-09, 1.0794208346189413e-09, 7.619119005308996e-10, 6.39998514255382e-10, 5.629522273146347e-10, 3.9661105010496463e-10, 3.6021805818037767e-10, 2.993060958880765e-10, 2.751729352540171e-10, 2.3981808630385715e-10, 2.0942837603685683e-10, 2.101353737356505e-10, 1.5840160424549876e-10, 1.4479458625475327e-10, 1.4281354533098497e-10, 1.2871007607639848e-10, 1.0037932208820686e-10, 1.0897634706197793e-10, 1.1111409764296837e-10, 7.335016260036286e-11, 8.711170936138022e-11, 8.449961396903123e-11, 6.163350606539662e-11, 7.153280769832965e-11, 7.054732311256247e-11, 5.3399175363005756e-11, 5.3687578592700876e-11, 6.182592002459791e-11, 4.6313341685769695e-11, 4.686032493866471e-11, 5.302561479620075e-11, 4.078846129923369e-11, 4.208023577598506e-11, 4.1130305901548434e-11]]}